INSERT INTO form VALUES ('6c544723-241c-4896-a38c-adbc0a364293', 'submission_request', 1, 'Submission Request Form', 'This form is used to get high level information about a dataset, typically this will be submitted by the data provider or an appropriate agent.', 'To express interest in archiving a data product, please fill out the following form.');
INSERT INTO section VALUES ('78aa09a1-532d-4fec-b10f-b51d56569e18', '6c544723-241c-4896-a38c-adbc0a364293', 'Contact Information', 0, '[]', '[]');
INSERT INTO section VALUES ('bf42a181-3a52-4eef-9749-f5e99b97fc58', '6c544723-241c-4896-a38c-adbc0a364293', 'Funding Information', 1, '[]', '[]');
INSERT INTO section VALUES ('065fe2a6-8f83-403b-a3f0-49e8cff9358a', '6c544723-241c-4896-a38c-adbc0a364293', 'Data Product Information', 2, '[]', '[]');
INSERT INTO section VALUES ('d54dccae-2818-4918-9b0e-3bb7e629c55b', '6c544723-241c-4896-a38c-adbc0a364293', 'Data Product Coverage', 3, '[]', '[]');
INSERT INTO section VALUES ('32b3f1c1-a419-43a3-89ea-e47e1f015da3', '6c544723-241c-4896-a38c-adbc0a364293', 'Data Product Technical Details', 4, '[]', '[]');
INSERT INTO question VALUES ('80ac5f52-9ed9-4139-b5f9-7b4cebb6a8e2', 'data_producer_info', 1, 'Primary Data Producer', 'Who is the primary person responsible for the collection or creation of this data product?', 'Often this is the Principle Investigator, Project Scientist, or Project Manager');
INSERT INTO question VALUES ('f3e2eab9-6375-4e53-9cc2-3d16f318d332', 'submission_request_poc', 1, 'Submission Request Point of Contact', 'Who should the DAAC contact with questions regarding this data submission request?', 'This person should have in-depth knowledge of this data product, allowing them to provide additional information as needed.');
INSERT INTO question VALUES ('8a364184-42ac-48fe-b831-acb2eb08c728', 'funding_organization', 1, 'Funding Source: Organization', 'What organization(s) funded the creation of this data product?', 'This the organization that funded the creation of the data product.');
INSERT INTO question VALUES ('4ecc885f-daf8-4bc6-a8cd-d30c2a54d085', 'funding_program', 1, 'Funding source: Program/Program Element', 'Under what program or program element within the funding organization was this data product created?', 'For example, NASA programs such as MEaSUREs, Terrestrial Hydrology, Earth Venture, ACCESS, or AIST.');
INSERT INTO question VALUES ('f74c6c20-7483-40f9-a63e-58cc20ae8c8f', 'data_product_name', 1, 'Data Product Name', 'How do you refer to this data product?', 'This is how the DAAC will refer to this data product during the data submission request process.');
INSERT INTO question VALUES ('9767336b-a9a9-41d2-8d2d-4fc2858c9b6f', 'data_product_description', 1, 'Data Product Description', 'Please provide a brief description of this data product following the guidance in the help text.', 'The description should mimic a journal abstract and should provide a reader with the information needed to quickly understand the relevance and usefulness of the data.');
INSERT INTO question VALUES ('ab57f5e8-9ec5-46c9-978e-d06125346d36', 'publication', 1, 'Publication(s)', 'Please provide the citation or Digital Object Identifier (DOI) for any publications describing this data product.', 'For example, a overview paper describing the research, methods, or initial results related to this data product.');
INSERT INTO question VALUES ('7fd7bccf-5065-4033-9956-9e80bc99c205', 'science_value', 1, 'Science Value of Data Product', 'Please describe the science value of this data product.', 'For example, how will this data product benefit the science community? What are the strengths and the limitations of this data product? What other data products does it compliment?');
INSERT INTO question VALUES ('bd00dbb7-1d3c-46fa-82a4-734236f4e06c', 'data_submission_reason', 1, 'Reason for Data Submission Request', 'Please briefly explain your reasons for requesting approval to publish this data product at the DAAC.', 'For example, are you attempting to publish a paper which requires data to be archived in a trusted repository? Have you been instructed by a NASA program manager to submit your data to the DAAC? Do you want this data product archived with related data?');
INSERT INTO question VALUES ('f40956c3-9af8-400e-8dd8-c5e2965dcb8a', 'data_submission_approval_dependencies', 1, 'Dependencies for Data Submission Approval', 'Do you have any dependencies related to this data product being approved to be published at the DAAC? If ''Yes'', please provide a brief explanation.', 'For example, are you hoping to have this data product approved to be published at the DAAC prior publishing a paper or presenting at a conference? Does your project have a defined timeline in which this data product needs to be published?');
INSERT INTO question VALUES ('2dd6c8b1-22a8-4866-91c3-da9b4ce849dc', 'data_product_restrictions', 1, 'Data Product Restrictions', 'Can this data product be publicly released in compliance with NASA''s Open Data Policy? If No, please provide a brief explanation.', 'For a description of the policy, please refer to the NASA Earthdata Data and Information Policy web page (https://earthdata.nasa.gov/collaborate/open-data-services-and-software/data-information-policy).');
INSERT INTO question VALUES ('ad568b2f-89fe-4afd-a0bf-9e5832b71ce9', 'data_product_documentation', 1, 'Additional Documentation', 'Please upload additional documents that describe this data product or provide URLs to additional documents.', 'For example, these documents may include descriptions of the variables, filename conventions, processing steps, and/or data quality.');
INSERT INTO question VALUES ('c9c73e88-837a-42d2-aa1a-50874a333607', 'data_product_doi', 1, 'Data Product DOI', 'If a Digital Object Identifier (DOI) already exists for this data product, please provide it.', 'This would be the DOI for the actual data product and not for a publication related to this data product.');
INSERT INTO question VALUES ('4f2dd369-d865-47ba-8504-8694493f128f', 'data_product_temporal_coverage', 1, 'Temporal Coverage', 'What period of time is covered by the entire data product?', 'The temporal coverage should encompass the beginning date of the first data file and the ending date of the last data file, even if there are time gaps.');
INSERT INTO question VALUES ('f4d8ab9d-0959-41b8-8449-430986ddfe81', 'data_product_status', 1, 'Data Product Status', 'After this data product has been published at the DAAC, will you continue to collect or create new data to extend the time series?', '');
INSERT INTO question VALUES ('f4d8ab9d-0959-41b8-8449-430986ddfe84', 'data_delivery_frequency', 1, 'Data Delivery Frequency', 'What is the anticipated frequency of additional data deliveries to the DAAC?', 'undefined');
INSERT INTO question VALUES ('ebeab400-b3d7-4943-8d09-d1236afc5de0', 'data_product_spatial_coverage', 1, 'Data Product Spatial Coverage', 'What is the general geographic region covered by this data product?', 'For example, Global, Northern Hemisphere, Alaska, Korean Peninsula, East Tropical Pacific, or Gulf Stream.');
INSERT INTO question VALUES ('50e8d566-b9ab-4bd9-9adc-92a3c8fb5d27', 'data_format', 1, 'Data Format', 'In what format(s) are the files in this data product? If selecting ''Other'', please upload code to read the data or provide a URL to code to read the data.', 'For a list of NASA-approved data formats, please refer to the NASA Earthdata Standards and Practices web page (https://earthdata.nasa.gov/esdis/eso/standards-and-references#data-formats).');
INSERT INTO question VALUES ('40672516-2220-4edc-8c1b-fd9f7e0b978e', 'data_product_volume', 1, 'Data Product Volume', 'What is the estimated or actual total volume of this data product?', 'The DAAC uses the total volume of the final data product to plan data storage requirements. If the final data product is not complete, please provide your best estimate for the total data volume.');
INSERT INTO question VALUES ('53a0faa7-f7d4-4ce9-a9dc-a13cef44e1f3', 'sample_data_file', 1, 'Sample Data File(s)', 'Please upload a sample data file(s) or provide a URL to sample file(s).', 'Providing data files that are representative of the range of data within this data product will help the DAAC understand the data format, structure, and content.');
INSERT INTO section_question VALUES ('78aa09a1-532d-4fec-b10f-b51d56569e18', '80ac5f52-9ed9-4139-b5f9-7b4cebb6a8e2', 0, '[]', '[]');
INSERT INTO section_question VALUES ('78aa09a1-532d-4fec-b10f-b51d56569e18', 'f3e2eab9-6375-4e53-9cc2-3d16f318d332', 1, '[]', '[]');
INSERT INTO section_question VALUES ('bf42a181-3a52-4eef-9749-f5e99b97fc58', '8a364184-42ac-48fe-b831-acb2eb08c728', 0, '[]', '[]');
INSERT INTO section_question VALUES ('bf42a181-3a52-4eef-9749-f5e99b97fc58', '4ecc885f-daf8-4bc6-a8cd-d30c2a54d085', 1, '[]', '[]');
INSERT INTO section_question VALUES ('065fe2a6-8f83-403b-a3f0-49e8cff9358a', 'f74c6c20-7483-40f9-a63e-58cc20ae8c8f', 0, '[]', '[]');
INSERT INTO section_question VALUES ('065fe2a6-8f83-403b-a3f0-49e8cff9358a', '9767336b-a9a9-41d2-8d2d-4fc2858c9b6f', 1, '[]', '[]');
INSERT INTO section_question VALUES ('065fe2a6-8f83-403b-a3f0-49e8cff9358a', 'ab57f5e8-9ec5-46c9-978e-d06125346d36', 2, '[]', '[]');
INSERT INTO section_question VALUES ('065fe2a6-8f83-403b-a3f0-49e8cff9358a', '7fd7bccf-5065-4033-9956-9e80bc99c205', 3, '[]', '[]');
INSERT INTO section_question VALUES ('065fe2a6-8f83-403b-a3f0-49e8cff9358a', 'bd00dbb7-1d3c-46fa-82a4-734236f4e06c', 4, '[]', '[]');
INSERT INTO section_question VALUES ('065fe2a6-8f83-403b-a3f0-49e8cff9358a', 'f40956c3-9af8-400e-8dd8-c5e2965dcb8a', 5, '[]', '[]');
INSERT INTO section_question VALUES ('065fe2a6-8f83-403b-a3f0-49e8cff9358a', '2dd6c8b1-22a8-4866-91c3-da9b4ce849dc', 6, '[]', '[]');
INSERT INTO section_question VALUES ('065fe2a6-8f83-403b-a3f0-49e8cff9358a', 'ad568b2f-89fe-4afd-a0bf-9e5832b71ce9', 7, '[]', '[]');
INSERT INTO section_question VALUES ('065fe2a6-8f83-403b-a3f0-49e8cff9358a', 'c9c73e88-837a-42d2-aa1a-50874a333607', 8, '[]', '[]');
INSERT INTO section_question VALUES ('d54dccae-2818-4918-9b0e-3bb7e629c55b', '4f2dd369-d865-47ba-8504-8694493f128f', 0, '[]', '[]');
INSERT INTO section_question VALUES ('d54dccae-2818-4918-9b0e-3bb7e629c55b', 'f4d8ab9d-0959-41b8-8449-430986ddfe81', 1, '[]', '[]');
INSERT INTO section_question VALUES ('d54dccae-2818-4918-9b0e-3bb7e629c55b', 'f4d8ab9d-0959-41b8-8449-430986ddfe84', 2, '[]', '[{"field":"data_product_status","value":"Yes"}]');
INSERT INTO section_question VALUES ('d54dccae-2818-4918-9b0e-3bb7e629c55b', 'ebeab400-b3d7-4943-8d09-d1236afc5de0', 3, '[]', '[]');
INSERT INTO section_question VALUES ('32b3f1c1-a419-43a3-89ea-e47e1f015da3', '50e8d566-b9ab-4bd9-9adc-92a3c8fb5d27', 0, '[]', '[]');
INSERT INTO section_question VALUES ('32b3f1c1-a419-43a3-89ea-e47e1f015da3', '40672516-2220-4edc-8c1b-fd9f7e0b978e', 1, '[]', '[]');
INSERT INTO section_question VALUES ('32b3f1c1-a419-43a3-89ea-e47e1f015da3', '53a0faa7-f7d4-4ce9-a9dc-a13cef44e1f3', 2, '[]', '[]');
INSERT INTO input VALUES ('80ac5f52-9ed9-4139-b5f9-7b4cebb6a8e2', 'data_producer_info_name', 0, 'Name', 'text', '{}', '{}', '[]','[]',  True);
INSERT INTO input VALUES ('80ac5f52-9ed9-4139-b5f9-7b4cebb6a8e2', 'data_producer_info_organization', 1, 'Organization', 'text', '{}', '{}', '[]','[]',  True);
INSERT INTO input VALUES ('80ac5f52-9ed9-4139-b5f9-7b4cebb6a8e2', 'data_producer_info_email', 2, 'Email', 'email', '{}', '{}', '[]','[]',  True);
INSERT INTO input VALUES ('f3e2eab9-6375-4e53-9cc2-3d16f318d332', 'submission_request_poc_name', 0, 'Name', 'text', '{}', '{}', '[]','[]',  True);
INSERT INTO input VALUES ('f3e2eab9-6375-4e53-9cc2-3d16f318d332', 'submission_request_poc_organization', 1, 'Organization', 'text', '{}', '{}', '[]','[]',  True);
INSERT INTO input VALUES ('f3e2eab9-6375-4e53-9cc2-3d16f318d332', 'submission_request_poc_email', 2, 'Email', 'email', '{}', '{}', '[]','[]',  True);
INSERT INTO input VALUES ('8a364184-42ac-48fe-b831-acb2eb08c728', 'funding_organization_name', 0, 'Organization', 'radio', '["NASA","NOAA","NSF","USGS","University","Other"]', '{}', '[]','[]',  True);
INSERT INTO input VALUES ('8a364184-42ac-48fe-b831-acb2eb08c728', 'funding_organization_other', 1, 'If University or Other', 'text', '{}', '{}', '[{"field":"funding_organization_name","value":"University","message":"Please provide a University or other text value for the funding organization."},{"field":"funding_organization_name","value":"Other","message":"Please provide a University or other text value for the funding organization."}]','[]',  False);
INSERT INTO input VALUES ('4ecc885f-daf8-4bc6-a8cd-d30c2a54d085', 'funding_program_name', 0, 'Program', 'text', '{}', '{}', '[]','[]',  True);
INSERT INTO input VALUES ('f74c6c20-7483-40f9-a63e-58cc20ae8c8f', 'data_product_name_value', 0, 'Name', 'text', '{}', '{}', '[]','[]',  True);
INSERT INTO input VALUES ('9767336b-a9a9-41d2-8d2d-4fc2858c9b6f', 'data_product_description_textarea', 0, 'Description', 'textarea', '{}', '{"rows":3,"cols":20}', '[]','[]',  True);
INSERT INTO input VALUES ('ab57f5e8-9ec5-46c9-978e-d06125346d36', 'publication_dois', 0, 'Coverage', 'text', '{}', '{}', '[]','[]',  True);
INSERT INTO input VALUES ('7fd7bccf-5065-4033-9956-9e80bc99c205', 'science_value_description', 0, 'Description', 'textarea', '{}', '{"rows":3,"cols":20}', '[]','[]',  True);
INSERT INTO input VALUES ('bd00dbb7-1d3c-46fa-82a4-734236f4e06c', 'data_submission_reason_description', 0, 'Description', 'textarea', '{}', '{"rows":5,"cols":20,"maxlength":1000,"placeholder":"This is a placeholder"}', '[]','[]',  True);
INSERT INTO input VALUES ('f40956c3-9af8-400e-8dd8-c5e2965dcb8a', 'data_submission_approval_dependencies_radios', 0, 'Has Dependencies', 'radio', '["Yes","No"]', '{}', '[]','[]',  True);
INSERT INTO input VALUES ('f40956c3-9af8-400e-8dd8-c5e2965dcb8a', 'data_submission_approval_dependencies_explanation', 1, 'If Yes, provide explanation', 'text', '{}', '{}', '[{"field":"data_submission_approval_dependencies_radios","value":"Yes","message":"Please provide an explanation of the data product''s dependencies."}]','[]',  False);
INSERT INTO input VALUES ('2dd6c8b1-22a8-4866-91c3-da9b4ce849dc', 'data_product_restrictions_public', 0, 'Releasable to public', 'radio', '["Yes","No"]', '{}', '[]','[]',  True);
INSERT INTO input VALUES ('2dd6c8b1-22a8-4866-91c3-da9b4ce849dc', 'data_product_restrictions_explanation', 1, 'If No, provide explanation', 'text', '{}', '{}', '[{"field":"data_product_restrictions_public","value":"No","message":"Please provide an explanation of the data product''s restrictions."}]','[]',  False);
INSERT INTO input VALUES ('ad568b2f-89fe-4afd-a0bf-9e5832b71ce9', 'data_product_documentation_upload', 0, 'Upload Additional Documentation', 'file', '{}', '{}', '[]','[]',  False);
INSERT INTO input VALUES ('ad568b2f-89fe-4afd-a0bf-9e5832b71ce9', 'data_product_documentation_url', 1, 'Additional Documentation URL', 'text', '{}', '{}', '[]','[]',  False);
INSERT INTO input VALUES ('c9c73e88-837a-42d2-aa1a-50874a333607', 'data_product_doi_exists', 0, 'Has DOI', 'checkbox', '{}', '{}', '[]','[]',  False);
INSERT INTO input VALUES ('c9c73e88-837a-42d2-aa1a-50874a333607', 'data_product_doi_value', 1, 'If yes, provide DOI', 'text', '{}', '{}', '[{"field":"data_product_doi_exists","value":"checked","message":"You checked that this data product has a DOI, please provide it in the textbox provided."}]','[]',  False);
INSERT INTO input VALUES ('4f2dd369-d865-47ba-8504-8694493f128f', 'data_product_temporal_coverage_start', 0, 'Start', 'date', '{}', '{}', '[]','[]',  True);
INSERT INTO input VALUES ('4f2dd369-d865-47ba-8504-8694493f128f', 'data_product_temporal_coverage_end', 1, 'End', 'date', '{}', '{}', '[]','[]',  True);
INSERT INTO input VALUES ('4f2dd369-d865-47ba-8504-8694493f128f', 'data_product_temporal_coverage_ongoing', 2, 'Ongoing', 'radio', '["Yes","No"]', '{}', '[]','[]',  True);
INSERT INTO input VALUES ('f4d8ab9d-0959-41b8-8449-430986ddfe81', 'data_product_status', 0, 'Product Status', 'radio', '["Yes","No"]', '{}', '[]','[]',  True);
INSERT INTO input VALUES ('f4d8ab9d-0959-41b8-8449-430986ddfe84', 'data_product_volume_units1', 0, 'Unit', 'radio', '["Daily","Weekly","Monthly","Quarterly","Yearly","Ad-hoc"]', '{}', '[]','[]',  False);
INSERT INTO input VALUES ('ebeab400-b3d7-4943-8d09-d1236afc5de0', 'data_product_spatial_coverage_area', 0, 'Coverage', 'text', '{}', '{}', '[]','[]',  True);
INSERT INTO input VALUES ('50e8d566-b9ab-4bd9-9adc-92a3c8fb5d27', 'data_format_ascii', 0, 'ASCII', 'checkbox', '{}', '{}', '[]','[]',  False);
INSERT INTO input VALUES ('50e8d566-b9ab-4bd9-9adc-92a3c8fb5d27', 'data_format_geotiff', 1, 'GeoTIFF', 'checkbox', '{}', '{}', '[]','[]',  False);
INSERT INTO input VALUES ('50e8d566-b9ab-4bd9-9adc-92a3c8fb5d27', 'data_format_hdf5', 2, 'HDF-5', 'checkbox', '{}', '{}', '[]','[]',  False);
INSERT INTO input VALUES ('50e8d566-b9ab-4bd9-9adc-92a3c8fb5d27', 'data_format_hdf_eos', 3, 'HDF-EOS-5', 'checkbox', '{}', '{}', '[]','[]',  False);
INSERT INTO input VALUES ('50e8d566-b9ab-4bd9-9adc-92a3c8fb5d27', 'data_format_ogc_kml', 4, 'OGC KML', 'checkbox', '{}', '{}', '[]','[]',  False);
INSERT INTO input VALUES ('50e8d566-b9ab-4bd9-9adc-92a3c8fb5d27', 'data_format_netcdf_4', 5, 'NetCDF-4', 'checkbox', '{}', '{}', '[]','[]',  False);
INSERT INTO input VALUES ('50e8d566-b9ab-4bd9-9adc-92a3c8fb5d27', 'data_format_netcdf_classic', 6, 'NetCDF Classic', 'checkbox', '{}', '{}', '[]','[]',  False);
INSERT INTO input VALUES ('50e8d566-b9ab-4bd9-9adc-92a3c8fb5d27', 'data_format_other', 7, 'Other', 'checkbox', '{}', '{}', '[]','[]',  False);
INSERT INTO input VALUES ('50e8d566-b9ab-4bd9-9adc-92a3c8fb5d27', 'data_format_other_info', 8, 'If Other', 'text', '{}', '{}', '[{"field":"data_format_other","value":"true","message":"Please provide the data product''s other data format."}]','[]',  False);
INSERT INTO input VALUES ('40672516-2220-4edc-8c1b-fd9f7e0b978e', 'data_product_volume_amount', 0, 'Amount', 'number', '{}', '{}', '[]','[]',  True);
INSERT INTO input VALUES ('40672516-2220-4edc-8c1b-fd9f7e0b978e', 'data_product_volume_units2', 1, 'Unit', 'radio', '["KB","MB","GB","TB","PB"]', '{}', '[]','[]',  True);
INSERT INTO input VALUES ('53a0faa7-f7d4-4ce9-a9dc-a13cef44e1f3', 'example_file_upload', 0, 'Upload Sample File', 'file', '{}', '{}', '[]','[]',  False);
INSERT INTO input VALUES ('53a0faa7-f7d4-4ce9-a9dc-a13cef44e1f3', 'example_file_url', 1, 'Sample File URL', 'text', '{}', '{}', '[]','[]',  False);
