-- Form(id, short_name, version, long_name, description, text)
INSERT INTO form VALUES ('6c544723-241c-4896-a38c-adbc0a364293', 'submission_request', 1, 'Submission Request Form', 'This form is used to get high level information about a dataset, typically this will be submitted by the data provider or an appropriate agent.', 'To express interest in archiving a data product, please fill out the following form.');

-- Section(id, form_id, heading, list_order)
INSERT INTO section VALUES ('458aa77d-8313-4093-aeac-dde2e892910a', '6c544723-241c-4896-a38c-adbc0a364293', 'Contact Information', 0, '[]', '[]');
INSERT INTO section VALUES ('0e8a1da4-a147-446a-8c9c-8888586eab01', '6c544723-241c-4896-a38c-adbc0a364293', 'Funding Information', 1, '[]', '[]');
INSERT INTO section VALUES ('d5c2c0f8-1cb6-4d90-8206-9a9743a688af', '6c544723-241c-4896-a38c-adbc0a364293', 'Data Product Information', 2, '[]', '[]');
INSERT INTO section VALUES ('9eca8523-a9f8-4f31-a9c9-77f74b298e25', '6c544723-241c-4896-a38c-adbc0a364293', 'Data Product Coverage', 3, '[]', '[]');
INSERT INTO section VALUES ('deb4c1ec-58b7-4385-8527-8c3d67fdbf9f', '6c544723-241c-4896-a38c-adbc0a364293', 'Data Product Technical Details', 4, '[]', '[]');

-- Question(id, short_name, version, long_name, text, help)
INSERT INTO question VALUES ('80ac5f52-9ed9-4139-b5f9-7b4cebb6a8e2', 'data_producer_info', 1, 'Primary Data Producer', 'Who is the primary person responsible for the collection or creation of this data product?', 'Often this is the Principle Investigator, Project Scientist, or Project Manager');
INSERT INTO question VALUES ('f3e2eab9-6375-4e53-9cc2-3d16f318d332', 'archival_interest_poc', 1, 'Archival Request Point of Contact', 'Who should the DAAC contact with questions regarding this data archival request?', 'This person should have in-depth knowledge of this data product, allowing them to provide additional information as needed.');
INSERT INTO question VALUES ('8a364184-42ac-48fe-b831-acb2eb08c728', 'funding_organization', 1, 'Funding Source: Organization', 'What organization(s) funded the creation of this data product?', 'This the organization that funded the creation of the data product.');
INSERT INTO question VALUES ('4ecc885f-daf8-4bc6-a8cd-d30c2a54d085', 'funding_program', 1, 'Funding source: Program/Program Element', 'Under what program or program element within the funding organization was this data product created?', 'For example, NASA programs such as MEaSUREs, Terrestrial Hydrology, Earth Venture, ACCESS, or AIST.');
INSERT INTO question VALUES ('f74c6c20-7483-40f9-a63e-58cc20ae8c8f', 'data_product_name', 1, 'Data Product Name', 'How do you refer to this data product?', 'This is how the DAAC will refer to this data product during the Archival Interest process.');
INSERT INTO question VALUES ('9767336b-a9a9-41d2-8d2d-4fc2858c9b6f', 'data_product_description', 1, 'Data Product Description', 'Please provide a brief description of this data product following the guidance in the help text.', 'The description should mimic a journal abstract and should provide a reader with the information needed to quickly understand the relevance and usefulness of the data.');
INSERT INTO question VALUES ('ab57f5e8-9ec5-46c9-978e-d06125346d36', 'publication', 1, 'Publication Describing Data Product', 'Please provide the citation or Digital Object Identifier (DOI) for any publications describing this data product.', 'For example, a overview paper describing the research, methods, or initial results related to this data product.');
INSERT INTO question VALUES ('7fd7bccf-5065-4033-9956-9e80bc99c205', 'science_value', 1, 'Science Value of Data Product', 'Please describe the science value of this data product.', 'For example, how will this data product benefit the science community? What are the strengths and the limitations of this data product? What other data products does it compliment?');
INSERT INTO question VALUES ('bd00dbb7-1d3c-46fa-82a4-734236f4e06c', 'archival_reason', 1, 'Reason for Submitting Data Product', 'Please briefly explain your reasons for requesting archival of this data product at the DAAC.', 'For example, are you attempting to publish a paper which requires data to be archived in a trusted repository? Have you been instructed by a NASA program manager to submit your data to the DAAC? Do you want this data product archived with related data?');
INSERT INTO question VALUES ('f40956c3-9af8-400e-8dd8-c5e2965dcb8a', 'archival_approval_dependencies', 1, 'Dependencies for Archival Approval', 'Do you have any dependencies related to this data product being approved for archival at the DAAC? If Yes, please provide a brief explanation.', 'For example, are you hoping to have this data product approved for archival at the DAAC prior publishing a paper or presenting at a conference? Does your project have a defined timeline in which this data product needs to be published?');
INSERT INTO question VALUES ('2dd6c8b1-22a8-4866-91c3-da9b4ce849dc', 'data_product_restrictions', 1, 'Data Product Restrictions', 'Can this data product be publicly released in compliance with NASA''s Open Data Policy? If No, please provide a brief explanation.', 'For a description policy, please refer to the NASA Earthdata Data and Information Policy web page (https://earthdata.nasa.gov/collaborate/open-data-services-and-software/data-information-policy).');
INSERT INTO question VALUES ('ad568b2f-89fe-4afd-a0bf-9e5832b71ce9', 'data_product_documentation', 1, 'Data Product Additional Documentation', 'Please upload additional documents that describe this data product or provide URLs to additional documents.', 'For example, these documents may include descriptions of the variables, filename conventions, processing steps, and/or data quality.');
INSERT INTO question VALUES ('c9c73e88-837a-42d2-aa1a-50874a333607', 'data_product_doi', 1, 'Publication Describing Data Product', 'If a Digital Object Identifier (DOI) already exists for this data product, please provide it.', 'This would be a DOI for this data product and not for a publication related to this data product.');
INSERT INTO question VALUES ('4f2dd369-d865-47ba-8504-8694493f128f', 'data_product_temporal_coverage', 1, 'Data Product Temporal Coverage', 'What period of time is covered by the entire data product?', 'The temporal coverage should encompass the beginning date of the first data file and the ending date of the last data file, even if there are time gaps.');
INSERT INTO question VALUES ('f4d8ab9d-0959-41b8-8449-430986ddfe84', 'data_product_status', 1, 'Data Product Status', 'Once this data product is publicly accessible, will you continue to create data to extend this data product? What is the anticipated frequency of additional data deliveries to the DAAC?', 'This is the frequency of updates to the dataset if it is still being updated.');
INSERT INTO question VALUES ('ebeab400-b3d7-4943-8d09-d1236afc5de0', 'data_product_spatial_coverage', 1, 'Data Product Spatial Coverage', 'What is the general geographic region covered by this data product?', 'For example, Global, Northern Hemisphere, Alaska, Korean Peninsula, East Tropical Pacific, or Gulf Stream.');
INSERT INTO question VALUES ('50e8d566-b9ab-4bd9-9adc-92a3c8fb5d27', 'data_format', 1, 'Data Format', 'What is the format(s) of the files within this data product? If selecting Other, please upload code to read the data or provide a URL to code to read the data.', 'NASA Open Data Policy https://earthdata.nasa.gov/collaborate/open-data-services-and-software/data-information-policy');
INSERT INTO question VALUES ('40672516-2220-4edc-8c1b-fd9f7e0b978e', 'data_product_volume', 1, 'Data Product Volume', 'What is the estimated or actual total volume of this data product?', 'The DAAC uses the total volume of the final data product to plan data storage requirements. If the final data product is not complete, please provide your best estimate.');
INSERT INTO question VALUES ('53a0faa7-f7d4-4ce9-a9dc-a13cef44e1f3', 'sample_data_file', 1, 'Sample Data File', 'Please upload a sample data file(s) or provide a URL to a location where a sample data file(s) can be accessed.', 'Providing data files that are representative of the range of data within this data product will help the DAAC to better understand the data format, structure, and content.');

-- SectionQuestion(section_id, question_id, list_order)
INSERT INTO section_question VALUES ('458aa77d-8313-4093-aeac-dde2e892910a', '80ac5f52-9ed9-4139-b5f9-7b4cebb6a8e2', 0, '[]', '[]');
INSERT INTO section_question VALUES ('458aa77d-8313-4093-aeac-dde2e892910a', 'f3e2eab9-6375-4e53-9cc2-3d16f318d332', 1, '[]', '[]');
INSERT INTO section_question VALUES ('0e8a1da4-a147-446a-8c9c-8888586eab01', '8a364184-42ac-48fe-b831-acb2eb08c728', 0, '[]', '[]');
INSERT INTO section_question VALUES ('0e8a1da4-a147-446a-8c9c-8888586eab01', '4ecc885f-daf8-4bc6-a8cd-d30c2a54d085', 1, '[]', '[]');
INSERT INTO section_question VALUES ('d5c2c0f8-1cb6-4d90-8206-9a9743a688af', 'f74c6c20-7483-40f9-a63e-58cc20ae8c8f', 0, '[]', '[]');
INSERT INTO section_question VALUES ('d5c2c0f8-1cb6-4d90-8206-9a9743a688af', '9767336b-a9a9-41d2-8d2d-4fc2858c9b6f', 1, '[]', '[]');
INSERT INTO section_question VALUES ('d5c2c0f8-1cb6-4d90-8206-9a9743a688af', 'ab57f5e8-9ec5-46c9-978e-d06125346d36', 2, '[]', '[]');
INSERT INTO section_question VALUES ('d5c2c0f8-1cb6-4d90-8206-9a9743a688af', '7fd7bccf-5065-4033-9956-9e80bc99c205', 3, '[]', '[]');
INSERT INTO section_question VALUES ('d5c2c0f8-1cb6-4d90-8206-9a9743a688af', 'bd00dbb7-1d3c-46fa-82a4-734236f4e06c', 4, '[]', '[]');
INSERT INTO section_question VALUES ('d5c2c0f8-1cb6-4d90-8206-9a9743a688af', 'f40956c3-9af8-400e-8dd8-c5e2965dcb8a', 5, '[]', '[]');
INSERT INTO section_question VALUES ('d5c2c0f8-1cb6-4d90-8206-9a9743a688af', '2dd6c8b1-22a8-4866-91c3-da9b4ce849dc', 6, '[]', '[]');
INSERT INTO section_question VALUES ('d5c2c0f8-1cb6-4d90-8206-9a9743a688af', 'ad568b2f-89fe-4afd-a0bf-9e5832b71ce9', 7, '[]', '[]');
INSERT INTO section_question VALUES ('d5c2c0f8-1cb6-4d90-8206-9a9743a688af', 'c9c73e88-837a-42d2-aa1a-50874a333607', 8, '[]', '[]');
INSERT INTO section_question VALUES ('9eca8523-a9f8-4f31-a9c9-77f74b298e25', '4f2dd369-d865-47ba-8504-8694493f128f', 0, '[]', '[]');
INSERT INTO section_question VALUES ('9eca8523-a9f8-4f31-a9c9-77f74b298e25', 'f4d8ab9d-0959-41b8-8449-430986ddfe84', 1, '[]', '[]');
INSERT INTO section_question VALUES ('9eca8523-a9f8-4f31-a9c9-77f74b298e25', 'ebeab400-b3d7-4943-8d09-d1236afc5de0', 2, '[]', '[]');
INSERT INTO section_question VALUES ('deb4c1ec-58b7-4385-8527-8c3d67fdbf9f', '50e8d566-b9ab-4bd9-9adc-92a3c8fb5d27', 0, '[]', '[]');
INSERT INTO section_question VALUES ('deb4c1ec-58b7-4385-8527-8c3d67fdbf9f', '40672516-2220-4edc-8c1b-fd9f7e0b978e', 1, '[]', '[]');
INSERT INTO section_question VALUES ('deb4c1ec-58b7-4385-8527-8c3d67fdbf9f', '53a0faa7-f7d4-4ce9-a9dc-a13cef44e1f3', 2, '[]', '[]');

-- Input(question_id, id, list_order, label, type, enums, attributes, required_if, show_if, required, FALSE)
INSERT INTO input VALUES ('80ac5f52-9ed9-4139-b5f9-7b4cebb6a8e2', 'data_producer_info_name', 0, 'Name', 'text', '[]', '{}', '[]', '[]', True);
INSERT INTO input VALUES ('80ac5f52-9ed9-4139-b5f9-7b4cebb6a8e2', 'data_producer_info_organization', 1, 'Organization', 'text', '[]', '{}', '[]', '[]', False);
INSERT INTO input VALUES ('80ac5f52-9ed9-4139-b5f9-7b4cebb6a8e2', 'data_producer_info_email', 2, 'Email', 'email', '[]', '{}', '[]', '[]', True);
INSERT INTO input VALUES ('f3e2eab9-6375-4e53-9cc2-3d16f318d332', 'archival_interest_poc_name', 0, 'Name', 'text', '[]', '{}', '[]', '[]', True);
INSERT INTO input VALUES ('f3e2eab9-6375-4e53-9cc2-3d16f318d332', 'archival_interest_poc_organization', 1, 'Organization', 'text', '[]', '{}', '[]', '[]', False);
INSERT INTO input VALUES ('f3e2eab9-6375-4e53-9cc2-3d16f318d332', 'archival_interest_poc_email', 2, 'Email', 'email', '[]', '{}', '[]', '[]', True);
INSERT INTO input VALUES ('8a364184-42ac-48fe-b831-acb2eb08c728', 'funding_organization_name', 0, 'Organization', 'radio', '["NASA","NOAA","NSF","USGS","University","Other"]', '{}', '[]', '[]', False);
INSERT INTO input VALUES ('8a364184-42ac-48fe-b831-acb2eb08c728', 'funding_organization_other', 1, 'University or Other', 'text', '[]', '{}', '[]', '[]', False);
INSERT INTO input VALUES ('4ecc885f-daf8-4bc6-a8cd-d30c2a54d085', 'funding_program_name', 0, 'Program', 'text', '[]', '{}', '[]', '[]', True);
INSERT INTO input VALUES ('f74c6c20-7483-40f9-a63e-58cc20ae8c8f', 'data_product_name_value', 0, 'Name', 'text', '[]', '{}', '[]', '[]', True);
INSERT INTO input VALUES ('9767336b-a9a9-41d2-8d2d-4fc2858c9b6f', 'data_product_description_value', 0, 'Description', 'textarea', '[]', '{"rows":10,"cols":80}', '[]', '[]', True);
INSERT INTO input VALUES ('ab57f5e8-9ec5-46c9-978e-d06125346d36', 'publication_dois', 0, 'Publication', 'text', '[]', '{}', '[]', '[]', True);
INSERT INTO input VALUES ('7fd7bccf-5065-4033-9956-9e80bc99c205', 'science_value_description', 0, 'Description', 'textarea', '[]', '{"rows":10,"cols":80}', '[]', '[]', True);
INSERT INTO input VALUES ('bd00dbb7-1d3c-46fa-82a4-734236f4e06c', 'archival_reason_description', 0, 'Description', 'textarea', '[]', '{"rows":10,"cols":80}', '[]', '[]', True);
INSERT INTO input VALUES ('f40956c3-9af8-400e-8dd8-c5e2965dcb8a', 'archival_approval_dependencies_has_dependencies', 0, 'Has Dependencies', 'checkbox', '[]', '{}', '[]', '[]', True);
INSERT INTO input VALUES ('f40956c3-9af8-400e-8dd8-c5e2965dcb8a', 'archival_approval_dependencies_explanation', 1, 'If there are dependencies, provide explanation', 'text', '[]', '{}', '[]', '[]', False);
INSERT INTO input VALUES ('2dd6c8b1-22a8-4866-91c3-da9b4ce849dc', 'data_product_restrictions_public', 0, 'Releasable to public', 'checkbox', '[]', '{}', '[]', '[]', True);
INSERT INTO input VALUES ('2dd6c8b1-22a8-4866-91c3-da9b4ce849dc', 'data_product_restrictions_explanation', 1, 'If not releasable, provide explanation', 'text', '[]', '{}', '[]', '[]', False);
INSERT INTO input VALUES ('ad568b2f-89fe-4afd-a0bf-9e5832b71ce9', 'data_product_documentation_upload', 0, 'Upload Additional Documentation', 'file', '[]', '{}', '[]', '[]', False);
INSERT INTO input VALUES ('ad568b2f-89fe-4afd-a0bf-9e5832b71ce9', 'data_product_documentation_url', 1, 'Additional Documentation URL', 'text', '[]', '{}', '[]', '[]', False);
INSERT INTO input VALUES ('c9c73e88-837a-42d2-aa1a-50874a333607', 'data_product_doi_exists', 0, 'Has DOI', 'checkbox', '[]', '{}', '[]', '[]', False);
INSERT INTO input VALUES ('c9c73e88-837a-42d2-aa1a-50874a333607', 'data_product_doi_value', 1, 'If yes, provide DOI', 'text', '[]', '{}', '[]', '[]', False);
INSERT INTO input VALUES ('4f2dd369-d865-47ba-8504-8694493f128f', 'data_product_temporal_coverage_start', 0, 'Start', 'date', '[]', '{}', '[]', '[]', False);
INSERT INTO input VALUES ('4f2dd369-d865-47ba-8504-8694493f128f', 'data_product_temporal_coverage_end', 1, 'End', 'date', '[]', '{}', '[]', '[]', False);
INSERT INTO input VALUES ('f4d8ab9d-0959-41b8-8449-430986ddfe84', 'data_product_volume_units', 0, 'Unit', 'radio', '["No Updates","Daily","Weekly","Monthly","Quarterly","Yearly","Ad Hoc"]', '{}', '[]', '[]', True);
INSERT INTO input VALUES ('ebeab400-b3d7-4943-8d09-d1236afc5de0', 'data_product_spatial_coverage_area', 0, 'Coverage', 'text', '[]', '{}', '[]', '[]', True);
INSERT INTO input VALUES ('50e8d566-b9ab-4bd9-9adc-92a3c8fb5d27', 'data_format_ascii', 0, 'ASCII', 'checkbox', '[]', '{}', '[]', '[]', False);
INSERT INTO input VALUES ('50e8d566-b9ab-4bd9-9adc-92a3c8fb5d27', 'data_format_geotiff', 1, 'GeoTIFF', 'checkbox', '[]', '{}', '[]', '[]', False);
INSERT INTO input VALUES ('50e8d566-b9ab-4bd9-9adc-92a3c8fb5d27', 'data_format_hdf5', 2, 'HDF-5', 'checkbox', '[]', '{}', '[]', '[]', False);
INSERT INTO input VALUES ('50e8d566-b9ab-4bd9-9adc-92a3c8fb5d27', 'data_format_hdf_eos', 3, 'HDF-EOS-5', 'checkbox', '[]', '{}', '[]', '[]', False);
INSERT INTO input VALUES ('50e8d566-b9ab-4bd9-9adc-92a3c8fb5d27', 'data_format_ogc_kml', 4, 'OGC KML', 'checkbox', '[]', '{}', '[]', '[]', False);
INSERT INTO input VALUES ('50e8d566-b9ab-4bd9-9adc-92a3c8fb5d27', 'data_format_netcdf_4', 5, 'NetCDF-4', 'checkbox', '[]', '{}', '[]', '[]', False);
INSERT INTO input VALUES ('50e8d566-b9ab-4bd9-9adc-92a3c8fb5d27', 'data_format_netcdf_classic', 6, 'NetCDF Classic', 'checkbox', '[]', '{}', '[]', '[]', False);
INSERT INTO input VALUES ('50e8d566-b9ab-4bd9-9adc-92a3c8fb5d27', 'data_format_other', 7, 'Other', 'checkbox', '[]', '{}', '[]', '[]', False);
INSERT INTO input VALUES ('50e8d566-b9ab-4bd9-9adc-92a3c8fb5d27', 'data_format_other_info', 8, 'If Other', 'text', '[]', '{}', '[]', '[]', False);
INSERT INTO input VALUES ('40672516-2220-4edc-8c1b-fd9f7e0b978e', 'data_product_volume_amount', 0, 'Amount', 'number', '[]', '{}', '[]', '[]', True);
INSERT INTO input VALUES ('40672516-2220-4edc-8c1b-fd9f7e0b978e', 'data_product_volume_units', 1, 'Unit', 'radio', '["KB","MB","GB","TB","PB"]', '{}', '[]', '[]', True);
INSERT INTO input VALUES ('53a0faa7-f7d4-4ce9-a9dc-a13cef44e1f3', 'example_file_upload', 0, 'Upload Sample File', 'file', '{}', '{}', '[]', '[]', False);
INSERT INTO input VALUES ('53a0faa7-f7d4-4ce9-a9dc-a13cef44e1f3', 'example_file_url', 1, 'Sample File URL', 'text', '[]', '{}', '[]', '[]', False);

-- User(id, name, username, email, registered, last_login)
INSERT INTO edpuser(id, name, username, email) VALUES ('1b10a09d-d342-4eee-a9eb-c99acd2dde17', 'Earthdata Pub System', 'edpub_system', 'no_email');

-- Group(id, short_name, long_name, description)
INSERT INTO edpgroup VALUES ('4daa6b22-f015-4ce2-8dac-8b3510004fca','root_group',  'Root Group', 'Full system access for administrators.');
INSERT INTO edpgroup VALUES ('bf07c445-8217-4f97-827a-82838cce36fb', 'asdc', 'ASDC', 'Top level group for ASDC');
INSERT INTO edpgroup VALUES ('b9e586c8-f602-4eae-98e1-5b406cd15ad2', 'asf_daac', 'ASF DAAC', 'Top level group for ASF DAAC');
INSERT INTO edpgroup VALUES ('fbc74dbc-4704-4b3e-b06a-43a78d6e7685', 'cddis', 'CDDIS', 'Top level group for CDDIS');
INSERT INTO edpgroup VALUES ('2385734f-f834-41dc-946c-11e23af6f3d6', 'ges_disc', 'GES DISC', 'Top level group for GES DISC');
INSERT INTO edpgroup VALUES ('e31d5a49-261a-4678-88e1-548ffb82df68', 'ghrc_daac', 'GHRC DAAC', 'Top level group for GHRC DAAC');
INSERT INTO edpgroup VALUES ('a0cda6f0-cc7d-4317-a3bb-115d51e713cc', 'laads_daac', 'LAADS DAAC', 'Top level group for LAADS DAAC');
INSERT INTO edpgroup VALUES ('d148c374-1b07-46a1-b06b-bee67c7c6447', 'lp_daac', 'LP DAAC', 'Top level group for LP DAAC');
INSERT INTO edpgroup VALUES ('7004aeee-34ea-4f68-a27b-eb34efc993f3', 'nsidc', 'NSIDC', 'Top level group for NSIDC');
INSERT INTO edpgroup VALUES ('65ba2a19-b296-4f2b-bf0c-4c1e8f226298', 'ob_daac', 'OB.DAAC', 'Top level group for OB.DAAC');
INSERT INTO edpgroup VALUES ('89816689-5375-4c81-a30c-bf6ed12d30fb', 'ornl_daac', 'ORNL DAAC', 'Top level group for ORNL DAAC');
INSERT INTO edpgroup VALUES ('e847900e-90e2-47f8-85c6-94e06bcbcca0', 'po_daac', 'PO.DAAC', 'Top level group for PO.DAAC');
INSERT INTO edpgroup VALUES ('f0a89bc6-707f-4a34-8041-1593934c2e42', 'sedac', 'SEDAC', 'Top level group for SEDAC');

-- UserGroup(edpuser_id, edpgroup_id)
INSERT INTO edpuser_edpgroup VALUES ('1b10a09d-d342-4eee-a9eb-c99acd2dde17', '4daa6b22-f015-4ce2-8dac-8b3510004fca');

-- Role(id, short_name, long_name, description)
INSERT INTO edprole VALUES ('804b335c-f191-4d26-9b98-1ec1cb62b97d', 'dp', 'Data Producer', 'The person who is primarily responsible for the data themselves. Often the PI of the project that generated the data. This role will be able to create a Submission and edit their created or assigned Submissions.');
INSERT INTO edprole VALUES ('29ccab4b-65e2-4764-83ec-77375d29af39', 'poc', 'Data Point of Contact', 'The person who is filling out the Earthdata Pub Forms and expected to answer questions about the Submission. Can be the same as the DP and has the same permissions as a DP.');
INSERT INTO edprole VALUES ('a5b4947a-67d2-434e-9889-59c2fad39676', 'manager', 'DAAC Data Manager', 'The DAAC staff member who guides the Submission through Earthdata Pub workflows and iterates with the PoC on questions. This role will be able to add and edit submissions.');
INSERT INTO edprole VALUES ('2aa89c57-85f1-4611-812d-b6760bb6295c', 'coordinator', 'DAAC Data Coordinator', 'The DAAC staff member who coordinates all DAAC Submissions. Coordinators assign a Submission to Managers. There may be multiple DAAC Data Coordinators per DAAC. Some DAACs may choose to combine the Coordinator and Manager roles by assigning staff to both.');
INSERT INTO edprole VALUES ('4be6ca4d-6362-478b-8478-487a668314b1', 'observer', 'DAAC Observer', 'A DAAC or ESDIS staff member who is interested in monitoring progress in Earthdata Pub but does not need edit or write permission. This can be a DAAC Manager or similar.');
INSERT INTO edprole VALUES ('75605ac9-bf65-4dec-8458-93e018dcca97', 'admin', 'Earthdata Pub Administrator', 'An Earthdata Pub admin can see and edit most aspects of Earthdata Pub.');

-- DAAC(id, short_name, long_name, url, description, default_edpgroup_id)
INSERT INTO daac VALUES ('40397fe8-4841-4e4c-b84a-6ece359ff5ff', 'ASDC', 'Atmospheric Science Data Center (ASDC)', 'https://eosweb.larc.nasa.gov/', 'NASA''s Atmospheric Science Data Center (ASDC) is in the Science Directorate located at NASA''S Langley Research Center in Hampton, Virginia. The Science Directorate''s Climate Science Branch, Atmospheric Composition Branch, and Chemistry and Dynamics Branch work with ASDC to study changes in the Earth and its atmosphere. Data products translate those findings into meaningful knowledge that inspires action by scientists, educators, decision makers, and the public. ASDC supports over 50 projects and provides access to more than 1,000 archived data sets. These data sets were created from satellite measurements, field experiments, and modeled data products. ASDC projects focus on the Earth science disciplines Radiation Budget, Clouds, Aerosols, and Tropospheric Composition.', 'bf07c445-8217-4f97-827a-82838cce36fb');
INSERT INTO daac VALUES ('c606afba-725b-4ae4-9557-1fd33260ae12', 'ASF DAAC', 'Alaska Satellite Facility (ASF) Distributed Active Archive Center (DAAC)', 'https://www.asf.alaska.edu/?_ga=2.11078268.912458096.1583768373-843631388.1568298089', 'NASA''s Alaska Satellite Facility Distributed Active Archive Center (ASF DAAC) is located in the Geophysical Institute at the University of Alaska, Fairbanks. ASF DAAC is supported by NASA to acquire, process, archive, and distribute synthetic aperture radar (SAR) data from polar-orbiting satellite and airborne sensors to advance Earth science research. Most of the datasets at ASF DAAC, including Copernicus Sentinel-1, are open access and freely available to the public for download.', 'b9e586c8-f602-4eae-98e1-5b406cd15ad2');
INSERT INTO daac VALUES ('d551380f-8813-40e4-9763-2a5bb6007cd0', 'CDDIS', 'Crustal Dynamics Data Information System (CDDIS)', 'http://cddis.gsfc.nasa.gov/', 'NASA''s Crustal Dynamics Data Information System (CDDIS) is NASA''s data archive and information service supporting the international space geodesy community. CDDIS is part of the Solar System Exploration Division at NASA''s Goddard Space Flight Center in Greenbelt, MD. CDDIS serves as one of the core components for the geometric services established under the International Association of Geodesy (IAG), an organization that promotes scientific cooperation and research in geodesy on a global scale. CDDIS provides continuous, long term, public access to the data and derived products from a global network of observing stations equipped with one or more of the following measurement techniques: Global Navigation Satellite System (GNSS),Satellite Laser Ranging (SLR),Lunar Laser Ranging (LLR),Very Long Baseline Interferometry (VLBI), andDoppler Orbitography and Radiopositioning Integrated by Satellite (DORIS)', 'fbc74dbc-4704-4b3e-b06a-43a78d6e7685');
INSERT INTO daac VALUES ('1ea1da68-cb95-431f-8dd8-a2cf16d7ef98', 'GES DISC', 'Goddard Earth Sciences Data and Information Services Center (GES DISC)', 'https://disc.gsfc.nasa.gov/', 'NASA''s Goddard Earth Sciences Data and Information Services Center (GES DISC) is located within NASA''s Goddard Space Flight Center in Greenbelt, Maryland. It provides access to a wide range of global climate data, concentrated primarily in the areas of atmospheric composition, atmospheric dynamics, global precipitation, and solar irradiance. GES DISC supports data from many heritage and EOS missions including Aqua, Aura, Solar Radiation and Climate Experiment (SORCE), Tropical Rainfall Measuring Mission (TRMM), Upper Atmosphere Research Satellite (UARS), and Earth Probe/Total Ozone Mapping Spectrometers (TOMS). GES DISC also provides data subsetting, exploration, visualization, and access services.', '2385734f-f834-41dc-946c-11e23af6f3d6');
INSERT INTO daac VALUES ('ef229725-1cad-485e-a72b-a276d2ca3175', 'GHRC DAAC', 'Global Hydrology Resource Center (GHRC) Distributed Active Archive Center (DAAC)', 'https://ghrc.nsstc.nasa.gov/home/', 'NASA''s Global Hydrology Resource Center (GHRC) Distributed Active Archive Center (DAAC) is a joint venture of NASA''s Marshall Space Flight Center and the Information Technology and Systems Center (ITSC) located within the University of Alabama in Huntsville. GHRC DAAC was established in 1991 and is located at the National Space Science and Technology Center on the UAH campus. GHRC DAAC provides a comprehensive active archive of both data and knowledge augmentation services, with a focus on hazardous weather, its governing dynamical and physical processes, and associated applications. With this broad mandate, GHRC DAAC focuses on lightning, tropical cyclones and storm-induced hazards through integrated collections of satellite, airborne, and in-situ data sets.', 'e31d5a49-261a-4678-88e1-548ffb82df68');
INSERT INTO daac VALUES ('9e0628f1-0dde-4ed2-b1e3-690c70326f25', 'LAADS DAAC', 'Level 1 Atmosphere Archive and Distribution System (LAADS) Distributed Active Archive Center (DAAC)', 'https://ladsweb.modaps.eosdis.nasa.gov/', 'NASA''s Level-1 and Atmosphere Archive and Distribution System (LAADS) Distributed Active Archive Center (DAAC) is part of the Terrestrial Information Systems Laboratory at NASA''s Goddard Space Flight Center in Greenbelt, MD. It is collocated with the MODIS Adaptive Processing System (MODAPS). LAADS DAAC joined the EOSDIS DAACs in 2007. LAADS DAAC provides access to MODIS Level 1 data (geolocation, L1A, and radiance L1B) and Atmosphere (Level 2 and 3) data products. LAADS DAAC receives data processed by MODAPS and archives and distributes MODIS products from both the Terra and Aqua platforms: Level-1 products (calibrated radiances and geolocation) and Level-2 and -3. MODAPS supports MODIS data from both the Terra and Aqua platforms. Products may be subset by parameter, area, or band, and may be mosaicked, reprojected, or masked. Users may also visually browse MODIS level 1 and atmosphere data products.', 'a0cda6f0-cc7d-4317-a3bb-115d51e713cc');
INSERT INTO daac VALUES ('de6d5ec9-4728-4f2b-9d43-ae2f0fdac96a', 'LP DAAC', 'Land Processes Distributed Active Archive Center (LP DAAC)', 'https://lpdaac.usgs.gov/', 'NASA''s Land Processes Distributed Active Archive Center (LP DAAC) is located at the U.S. Department of the Interior, U.S. Geological Survey (USGS) Earth Resources Observation and Science (EROS) Center in Sioux Falls, SD. LP DAAC was established in 1990 to process NASA land processes data products and provide vital contributions to inter-disciplinary studies of the integrated Earth system. LP DAAC specializes in: Processing, archiving, and distributing Advanced Spaceborne Thermal Emission and Reflection Radiometer (ASTER) from Terra; Archiving and distributing Moderate-resolution Imaging Spectroradiometer (MODIS) from Terra and Aqua; Archiving and distributing NASA Visible Infrared Imaging Radiometer Suite (VIIRS) data from the joint NASA/NOAA Suomi National Polar-orbiting Partnership (Suomi NPP) satellite; Archiving and distributing ECOsystem Spaceborne Thermal Radiometer Experiment on Space Station (ECOSTRESS) data from the International Space Station. Archiving and distributing Global Ecosystem Dynamics Investigation (GEDI) data from the International Space Station. Distributing NASA Making Earth System Data Records for Use in Research Environments (MEaSUREs) Collaborations: Global Forest Cover Change  (GFCC) Global Food Security-support Analysis Data  (GFSAD) Global Web-Enabled Landsat Data  (GWELD) Land Surface Temperature and Emissivity  (LSTE) NASA Digital Elevation Model (DEM)  (NASADEM) Shuttle Radar Topography Mission  (SRTM) Vegetation Continuous Fields  (VCF) Vegetation Index and Phenology  (VIP) Distributing approved data products created by researchers, collectively known as Community: Airborne Hyperspectral Reflectance Mosaic ASTER Global Emissivity Database  (GED) Global Hyperspectral Imaging Spectral-library of Agricultural crops  (GHISA) Headwall Hyperspectral Reflectance Mosaic Providing tools and services for discovery and analysis of NASA''s land cover and land use data.', 'd148c374-1b07-46a1-b06b-bee67c7c6447');
INSERT INTO daac VALUES ('aec3724f-b30b-4b3f-9b9a-e0907d9d14b3', 'NSIDC DAAC', 'National Snow and Ice Data Center (NSIDC) Distributed Active Archive Center (DAAC)', 'http://nsidc.org/daac/', 'NASA''s National Snow and Ice Data Center (NSIDC) Distributed Active Archive Center (DAAC) provides data and information for snow and ice processes, particularly interactions among snow, ice, atmosphere, and ocean, in support of research in global change detection and model validation. NSIDC DAAC archives and distributes cryosphere and climate related products from several EOS sensors including: Advanced Microwave Scanning Radiometer - EOS  (AMSR-E) AMSR2 Aquarius Airborne Snow Observatory  (ASO) Cold Land Processes Field Experiment  (CLPX) Global Land Ice Measurements  (GLIMS) IceBridge ICESat/Geoscience Laser Altimeter System  (GLAS) Ice, Cloud, and land Elevation Satellite-2  (ICESat-2) Moderate Resolution Imaging Spectroradiometer  (MODIS) Soil Moisture Active Passive  (SMAP) Scanning Multichannel Microwave Radiometer  (SMMR) Special Sensor Microwave Imager  (SSM/I) Special Sensor Microwave Imager/Sounder  (SSMIS) Snow Experiment  (SnowEX) Visible Infrared Imaging Radiometer Suite  (VIIRS) NSIDC DAAC also provides general data and information services to the cryospheric and polar processes research community. NSIDC DAAC is located in Boulder, CO. NSIDC DAAC has served at the forefront of cryospheric data management practices since 1976. NSIDC DAAC is part of the Cooperative Institute for Research in Environmental Sciences (CIRES), a joint institute of University of Colorado Boulder and the National Oceanic and Atmospheric Administration.', '7004aeee-34ea-4f68-a27b-eb34efc993f3');
INSERT INTO daac VALUES ('fe75c306-ac04-4689-a702-073d9cb071fe', 'OB.DAAC', 'Ocean Biology Distributed Active Archive Center (OB.DAAC)', 'https://oceancolor.gsfc.nasa.gov/', 'NASA''s Ocean Biology Distributed Active Archive Center (OB.DAAC) is managed by NASA''s Ocean Biology Processing Group (OBPG). OB.DAAC is responsible for archiving satellite ocean biology data produced or collected under NASA’s Earth Observing System Data and Information System (EOSDIS). OB.DAAC''s holdings include a mixture of historical and current missions, as well as data from both NASA and partner space organizations. Supported sensors, related information, and direct links to data can be found on the OB.DAAC website.', '65ba2a19-b296-4f2b-bf0c-4c1e8f226298');

INSERT INTO daac VALUES ('15df4fda-ed0d-417f-9124-558fb5e5b561', 'ORNL DAAC', 'Oak Ridge National Laboratory (ORNL) Distributed Active Archive Center (DAAC)', 'http://daac.ornl.gov/', 'NASA''s Oak Ridge National Laboratory (ORNL) Distributed Active Archive Center (DAAC) is located at the Oak Ridge National Laboratory in Oak Ridge, Tennessee. ORNL DAAC was established in 1993 and is under an interagency agreement between NASA and the Department of Energy. ORNL DAAC specializes on data and information relevant to terrestrial biogeochemistry, ecology, and environmental processes, which are critical to understanding the dynamics of Earth''s biological, geological, and chemical components.', '89816689-5375-4c81-a30c-bf6ed12d30fb');

INSERT INTO daac VALUES ('6b3ea184-57c5-4fc5-a91b-e49708f91b67', 'PO.DAAC', 'Physical Oceanography Distributed Active Archive Center (PO.DAAC)', 'http://podaac.jpl.nasa.gov/', 'NASA''s Physical Oceanography Distributed Active Archive Center (PO.DAAC) is located at NASA''s Jet Propulsion Laboratory in Pasadena, California. PO.DAAC manages and provides tools and services for NASA''s oceanographic and hydrologic data (satellite, airborne, and in-situ) to enable greater understanding of the physical processes and condition of the global ocean. Measurements include gravity, ocean winds, sea surface temperature, ocean surface topography, sea surface salinity, ocean currents, and circulation. The data support a wide range of applications including climate research, weather prediction, resource management, policy, and the stewardship of ocean data resources. Sample data holdings include Aquarius, Soil Moisture Active Passive (SMAP), Gravity Recovery and Climate Experiment(GRACE), GRACE Follow-on (GRACE-FO), NASA Scatterometer (NSCAT), Quick Scatterometer (QuikSCAT), Rapid Scatterometer (RapidScat), Cyclone Global Navigation Satellite System (CYGNSS), TOPEX/POSEIDON, Jason-1, Group for High Resolution Sea Surface Temperature (GHRSST), Oceans Melting Greenland (OMG), Salinity Processes in the Upper Ocean Regional Study (SPURS), and Making Earth System Data Records for Use in Research Environments (MEaSUREs). Data access services include PO.DAAC Drive, Thematic Real-time Environmental Distributed Data Services (THREDDS), Open-source Project for a Network Data Access Protocol (OPeNDAP), PO.DAAC Web Services, and PO.DAAC GitHub repository. Tools that provide subsetting, extraction, and visualization capabilities include High-level Tool for Interactive Data Extraction (HiTIDE), Live Access Server (LAS), and State of the Ocean (SOTO).', 'e847900e-90e2-47f8-85c6-94e06bcbcca0');

INSERT INTO daac VALUES ('00dcf32a-a4e2-4e55-a0d1-3a74cf100ca1', 'SEDAC', 'Socioeconomic Data and Applications Data Center (SEDAC)', 'http://sedac.ciesin.columbia.edu/', 'NASA''s Socioeconomic Data and Applications Center (SEDAC) is operated by the Center for International Earth Science Information Network (CIESIN), a unit of the Earth Institute at Columbia University based at the Lamont-Doherty Earth Observatory in Palisades, New York. SEDAC''s missions are to synthesize Earth science and socioeconomic data and information in ways useful to a wide range of decision makers and other applied users, and to provide an “Information Gateway” between the socioeconomic and Earth science data and information domains. SEDAC datasets can be accessed via the dataset section of the SEDAC web site.', 'f0a89bc6-707f-4a34-8041-1593934c2e42');

-- Workflow(id, short_name, version, long_name, description)
INSERT INTO workflow VALUES ('c651b698-ec06-44d7-a69b-44bf8b4bc4f5', 'init_workflow', 1, 'Initialization Workflow', 'This workflow performs no actions and is used for initializing submissions.');
INSERT INTO workflow VALUES ('4bc927f2-f34a-4033-afe3-02520cc7dcf7', 'archival_interest_workflow', 1, 'Archival Interest Workflow', 'This is the default initial workflow for a new archival request.');

-- Step(workflow_id, step_name, type, action_id, form_id, service_id, data)
INSERT INTO step(workflow_id, step_name, type) VALUES ('c651b698-ec06-44d7-a69b-44bf8b4bc4f5', 'init', 'init');
INSERT INTO step(workflow_id, step_name, type) VALUES ('c651b698-ec06-44d7-a69b-44bf8b4bc4f5', 'close', 'close');
INSERT INTO step(workflow_id, step_name, type) VALUES ('4bc927f2-f34a-4033-afe3-02520cc7dcf7', 'init', 'init');
INSERT INTO step(workflow_id, step_name, type, form_id) VALUES ('4bc927f2-f34a-4033-afe3-02520cc7dcf7', 'archival_interest_form', 'form', '6c544723-241c-4896-a38c-adbc0a364293');
INSERT INTO step(workflow_id, step_name, type) VALUES ('4bc927f2-f34a-4033-afe3-02520cc7dcf7', 'close', 'close');

-- StepEdge(workflow_id, step_name, next_step_name)
INSERT INTO step_edge VALUES ('c651b698-ec06-44d7-a69b-44bf8b4bc4f5', 'init', 'close');
INSERT INTO step_edge VALUES ('4bc927f2-f34a-4033-afe3-02520cc7dcf7', 'init', 'archival_interest_form');
INSERT INTO step_edge VALUES ('4bc927f2-f34a-4033-afe3-02520cc7dcf7', 'archival_interest_form', 'close');
